HighRiskCustomerPct,HighRiskLossShare
0.060326472675656495,0.19925585531145215
