HighRiskCustomerPct,HighRiskLossShare
0.06458481192334989,0.21108884311126852
