TotalCustomers,PredictedChurnRate,HighRiskCustomerRate,ExpectedRevenueLoss($),RetentionOpportunity($)
1409,0.21433640880056778,0.06458481192334989,329743.12486410665,98922.93745923198
