TotalCustomers,PredictedChurnRate,HighRiskCustomerRate,ExpectedRevenueLoss($),RetentionOpportunity($)
1409,0.22569198012775019,0.060326472675656495,336099.2427910613,100829.77283731839
