risk_segment,customers,expected_loss
Low,863,59943.21869946129
Medium,461,209186.28199973566
High,85,66969.74209186433
