risk_segment,customers,expected_loss
Low,875,68315.3147251933
Medium,443,191822.71538745452
High,91,69605.09475145882
